{"0":{"apple":0.0540372671,"huawei":0.1234817814,"samsung":0.0423542354},"1":{"apple":0.0689440994,"huawei":0.0293522267,"samsung":0.0341034103},"10":{"apple":0.1049689441,"huawei":0.0900809717,"samsung":0.0313531353},"11":{"apple":0.0844720497,"huawei":0.0769230769,"samsung":0.0500550055},"12":{"apple":0.0453416149,"huawei":0.008097166,"samsung":0.0291529153},"13":{"apple":0.0608695652,"huawei":0.0668016194,"samsung":0.0902090209},"14":{"apple":0.0391304348,"huawei":0.0890688259,"samsung":0.0841584158},"15":{"apple":0.0142857143,"huawei":0.0495951417,"samsung":0.0055005501},"16":{"apple":0.0329192547,"huawei":0.0141700405,"samsung":0.0319031903},"17":{"apple":0.049068323,"huawei":0.0435222672,"samsung":0.0473047305},"18":{"apple":0.0,"huawei":0.0,"samsung":0.0440044004},"19":{"apple":0.0391304348,"huawei":0.0384615385,"samsung":0.0159515952},"2":{"apple":0.0403726708,"huawei":0.0516194332,"samsung":0.0781078108},"3":{"apple":0.0658385093,"huawei":0.0819838057,"samsung":0.1325632563},"4":{"apple":0.0739130435,"huawei":0.0,"samsung":0.0236523652},"5":{"apple":0.0813664596,"huawei":0.1174089069,"samsung":0.0302530253},"6":{"apple":0.049068323,"huawei":0.0192307692,"samsung":0.0374037404},"7":{"apple":0.0391304348,"huawei":0.0232793522,"samsung":0.0456545655},"8":{"apple":0.0037267081,"huawei":0.0091093117,"samsung":0.103960396},"9":{"apple":0.0534161491,"huawei":0.0678137652,"samsung":0.0423542354}}